Lot,Wafer,Mask,TestSite,Name,Date,Script ID,Operator,Row,Column,ErrorFlag,ErrorDescription,Analysis Wavelength,Rsq of Ref. spectrum (Nth),Max transmission of Ref. spec. (dB),Rsq of IV,I at -1V [A],I at 1V [A]
HY202103,D07,LION1,DCM_LMZC,"MZMCTE_LULAB_450_500, DCM_LMZC_ALIGN","Mon Jul 15 19:15:38 2019, Mon Jul 15 19:16:52 2019","Lumped MZ modulator test structure (i.e. modulator + input and output grating couplers), Reference or alignment waveguide",ykim,-1,-1,[0],No Error,"[1558.0, 1558.0]",[0.9984335299218047],[-7.7],[0.9932995342674171],[-2.603237e-08],[0.006701705]
HY202103,D07,LION1,DCM_LMZC,"MZMCTE_LULAB_450_500, DCM_LMZC_ALIGN","Mon Jul 15 19:21:45 2019, Mon Jul 15 19:22:58 2019","Lumped MZ modulator test structure (i.e. modulator + input and output grating couplers), Reference or alignment waveguide",ykim,-1,-3,[0],No Error,"[1552.5, 1552.5]",[0.9972272295976409],[-8.9],[0.9936734245362334],[-4.890819e-08],[0.006328398]
HY202103,D07,LION1,DCM_LMZC,"MZMCTE_LULAB_450_500, DCM_LMZC_ALIGN","Mon Jul 15 20:22:17 2019, Mon Jul 15 20:23:30 2019","Lumped MZ modulator test structure (i.e. modulator + input and output grating couplers), Reference or alignment waveguide",ykim,-1,3,[0],No Error,"[1551.6, 1551.6]",[0.9971718109638955],[-9.4],[0.9936261297334323],[-4.591942e-08],[0.006375596]
HY202103,D07,LION1,DCM_LMZC,"MZMCTE_LULAB_450_500, DCM_LMZC_ALIGN","Mon Jul 15 19:51:42 2019, Mon Jul 15 19:52:56 2019","Lumped MZ modulator test structure (i.e. modulator + input and output grating couplers), Reference or alignment waveguide",ykim,-3,-3,[1],Ref. spec. Error,"[1556.0, 1556.0]",[0.9961624632968927],[-8.2],[0.9936852877122622],[-5.465495e-08],[0.006316235]
HY202103,D07,LION1,DCM_LMZC,"MZMCTE_LULAB_450_500, DCM_LMZC_ALIGN","Mon Jul 15 19:39:43 2019, Mon Jul 15 19:40:57 2019","Lumped MZ modulator test structure (i.e. modulator + input and output grating couplers), Reference or alignment waveguide",ykim,-3,0,[0],No Error,"[1551.8, 1551.8]",[0.9981042240560483],[-8.8],[0.9934689737509051],[-4.814727e-08],[0.006532866]
HY202103,D07,LION1,DCM_LMZC,"MZMCTE_LULAB_450_500, DCM_LMZC_ALIGN","Mon Jul 15 20:28:35 2019, Mon Jul 15 20:29:48 2019","Lumped MZ modulator test structure (i.e. modulator + input and output grating couplers), Reference or alignment waveguide",ykim,-3,2,[0],No Error,"[1557.5, 1557.5]",[0.9988762153621976],[-9.4],[0.9934819743731765],[-6.663287e-08],[0.006519705]
HY202103,D07,LION1,DCM_LMZC,"MZMCTE_LULAB_450_500, DCM_LMZC_ALIGN","Mon Jul 15 19:45:43 2019, Mon Jul 15 19:46:57 2019","Lumped MZ modulator test structure (i.e. modulator + input and output grating couplers), Reference or alignment waveguide",ykim,-4,-1,[1],Ref. spec. Error,"[1555.8, 1555.8]",[0.9951006161495864],[-9.5],[0.9936000229414643],[-7.783068e-08],[0.006401758]
HY202103,D07,LION1,DCM_LMZC,"MZMCTE_LULAB_450_500, DCM_LMZC_ALIGN","Mon Jul 15 19:57:51 2019, Mon Jul 15 19:59:04 2019","Lumped MZ modulator test structure (i.e. modulator + input and output grating couplers), Reference or alignment waveguide",ykim,0,-4,[0],No Error,"[1559.5, 1559.5]",[0.9971876242211088],[-9.6],[0.9939619546933532],[-6.760271e-08],[0.006039913]
HY202103,D07,LION1,DCM_LMZC,"MZMCTE_LULAB_450_500, DCM_LMZC_ALIGN","Mon Jul 15 19:09:27 2019, Mon Jul 15 19:10:41 2019","Lumped MZ modulator test structure (i.e. modulator + input and output grating couplers), Reference or alignment waveguide",ykim,0,0,[0],No Error,"[1557.7, 1557.7]",[0.9985871151066114],[-7.7],[0.9932937302310924],[-8.955287e-09],[0.006707282]
HY202103,D07,LION1,DCM_LMZC,"MZMCTE_LULAB_450_500, DCM_LMZC_ALIGN","Mon Jul 15 19:33:43 2019, Mon Jul 15 19:34:57 2019","Lumped MZ modulator test structure (i.e. modulator + input and output grating couplers), Reference or alignment waveguide",ykim,0,2,[0],No Error,"[1555.9, 1555.9]",[0.9973770602840623],[-7.9],[0.9934097889301691],[-4.150557e-08],[0.006591849]
HY202103,D07,LION1,DCM_LMZC,"MZMCTE_LULAB_450_500, DCM_LMZC_ALIGN","Mon Jul 15 19:27:43 2019, Mon Jul 15 19:28:57 2019","Lumped MZ modulator test structure (i.e. modulator + input and output grating couplers), Reference or alignment waveguide",ykim,2,-1,[0],No Error,"[1555.9, 1555.9]",[0.9983006639710426],[-8.0],[0.9936171720870057],[-4.594612e-08],[0.006384568]
HY202103,D07,LION1,DCM_LMZC,"MZMCTE_LULAB_450_500, DCM_LMZC_ALIGN","Mon Jul 15 20:03:55 2019, Mon Jul 15 20:05:09 2019","Lumped MZ modulator test structure (i.e. modulator + input and output grating couplers), Reference or alignment waveguide",ykim,2,-3,[0],No Error,"[1565.2, 1565.2]",[0.9982132151816073],[-9.3],[0.9939326200273891],[-6.184592e-08],[0.006069297]
HY202103,D07,LION1,DCM_LMZC,"MZMCTE_LULAB_450_500, DCM_LMZC_ALIGN","Mon Jul 15 20:15:53 2019, Mon Jul 15 20:17:07 2019","Lumped MZ modulator test structure (i.e. modulator + input and output grating couplers), Reference or alignment waveguide",ykim,2,2,[1],Ref. spec. Error,"[1559.2, 1559.2]",[0.9967785387215327],[-8.2],[0.9938719112049111],[-4.804727e-08],[0.006130083]
HY202103,D07,LION1,DCM_LMZC,"MZMCTE_LULAB_450_500, DCM_LMZC_ALIGN","Mon Jul 15 20:09:55 2019, Mon Jul 15 20:11:08 2019","Lumped MZ modulator test structure (i.e. modulator + input and output grating couplers), Reference or alignment waveguide",ykim,3,0,[0],No Error,"[1554.8, 1554.8]",[0.9989505073266755],[-8.6],[0.9940515356738667],[-4.971618e-08],[0.005950628]
HY202103,D08,LION1,DCM_LMZO,"MZMOTE_LULAB_380_500, DCM_LMZO_ALIGN","Sun May 26 09:22:58 2019, Sun May 26 09:24:00 2019","Lumped MZ modulator test structure (i.e. modulator + input and output grating couplers), Reference or alignment waveguide",magdzi83,-1,-1,[0],No Error,"[1298.0, 1298.0]",[0.9989024968766489],[-5.3],[0.9932076604963749],[-5.312546e-08],[0.006792969]
HY202103,D08,LION1,DCM_LMZO,"MZMOTE_LULAB_380_500, DCM_LMZO_ALIGN","Sun May 26 09:54:49 2019, Sun May 26 09:55:51 2019","Lumped MZ modulator test structure (i.e. modulator + input and output grating couplers), Reference or alignment waveguide",magdzi83,-1,-3,[0],No Error,"[1303.3, 1303.3]",[0.9994525281565656],[-5.3],[0.9935181872231147],[-6.287032e-08],[0.006482825]
HY202103,D08,LION1,DCM_LMZO,"MZMOTE_LULAB_380_500, DCM_LMZO_ALIGN","Sun May 26 15:14:12 2019, Sun May 26 15:15:16 2019","Lumped MZ modulator test structure (i.e. modulator + input and output grating couplers), Reference or alignment waveguide",magdzi83,-1,3,[0],No Error,"[1302.8, 1302.8]",[0.9993822894658834],[-6.1],[0.9933446663394722],[-5.356805e-08],[0.006656053]
HY202103,D08,LION1,DCM_LMZO,"MZMOTE_LULAB_380_500, DCM_LMZO_ALIGN","Sun May 26 12:34:34 2019, Sun May 26 12:35:37 2019","Lumped MZ modulator test structure (i.e. modulator + input and output grating couplers), Reference or alignment waveguide",magdzi83,-3,-3,[0],No Error,"[1293.9, 1293.9]",[0.999162808315126],[-5.8],[0.9936119383851063],[-6.76181e-08],[0.006389174]
HY202103,D08,LION1,DCM_LMZO,"MZMOTE_LULAB_380_500, DCM_LMZO_ALIGN","Sun May 26 11:30:43 2019, Sun May 26 11:31:46 2019","Lumped MZ modulator test structure (i.e. modulator + input and output grating couplers), Reference or alignment waveguide",magdzi83,-3,0,[0],No Error,"[1301.4, 1301.4]",[0.9995085905086851],[-5.4],[0.9932755212240617],[-3.847792e-08],[0.006725123]
HY202103,D08,LION1,DCM_LMZO,"MZMOTE_LULAB_380_500, DCM_LMZO_ALIGN","Sun May 26 15:46:06 2019, Sun May 26 15:47:09 2019","Lumped MZ modulator test structure (i.e. modulator + input and output grating couplers), Reference or alignment waveguide",magdzi83,-3,2,[0],No Error,"[1298.9, 1298.9]",[0.9994535469761504],[-6.4],[0.9931763981057941],[-5.937685e-08],[0.006824251]
HY202103,D08,LION1,DCM_LMZO,"MZMOTE_LULAB_380_500, DCM_LMZO_ALIGN","Sun May 26 12:02:37 2019, Sun May 26 12:03:40 2019","Lumped MZ modulator test structure (i.e. modulator + input and output grating couplers), Reference or alignment waveguide",magdzi83,-4,-1,[0],No Error,"[1295.9, 1295.9]",[0.9990567138256141],[-6.1],[0.9935616295216455],[-7.64046e-08],[0.006439532]
HY202103,D08,LION1,DCM_LMZO,"MZMOTE_LULAB_380_500, DCM_LMZO_ALIGN","Sun May 26 13:06:26 2019, Sun May 26 13:07:29 2019","Lumped MZ modulator test structure (i.e. modulator + input and output grating couplers), Reference or alignment waveguide",magdzi83,0,-4,[0],No Error,"[1298.9, 1298.9]",[0.9994107625772973],[-6.2],[0.993536912778827],[-7.636219e-08],[0.006464111]
HY202103,D08,LION1,DCM_LMZO,"MZMOTE_LULAB_380_500, DCM_LMZO_ALIGN","Sun May 26 08:51:01 2019, Sun May 26 08:52:04 2019","Lumped MZ modulator test structure (i.e. modulator + input and output grating couplers), Reference or alignment waveguide",magdzi83,0,0,[0],No Error,"[1307.5, 1307.5]",[0.9986124918948804],[-5.7],[0.9930814000189289],[-7.203803e-08],[0.006919174]
HY202103,D08,LION1,DCM_LMZO,"MZMOTE_LULAB_380_500, DCM_LMZO_ALIGN","Sun May 26 10:58:49 2019, Sun May 26 10:59:53 2019","Lumped MZ modulator test structure (i.e. modulator + input and output grating couplers), Reference or alignment waveguide",magdzi83,0,2,[0],No Error,"[1298.1, 1298.1]",[0.9992476181973796],[-5.2],[0.9932709714208522],[-3.444476e-08],[0.006729574]
HY202103,D08,LION1,DCM_LMZO,"MZMOTE_LULAB_380_500, DCM_LMZO_ALIGN","Sun May 26 10:26:52 2019, Sun May 26 10:27:55 2019","Lumped MZ modulator test structure (i.e. modulator + input and output grating couplers), Reference or alignment waveguide",magdzi83,2,-1,[0],No Error,"[1306.8, 1306.8]",[0.9973924003108876],[-5.6],[0.9936528545258442],[-3.536833e-08],[0.00634805]
HY202103,D08,LION1,DCM_LMZO,"MZMOTE_LULAB_380_500, DCM_LMZO_ALIGN","Sun May 26 13:38:20 2019, Sun May 26 13:39:23 2019","Lumped MZ modulator test structure (i.e. modulator + input and output grating couplers), Reference or alignment waveguide",magdzi83,2,-3,[0],No Error,"[1300.2, 1300.2]",[0.999284863027567],[-6.3],[0.9935915477469527],[-6.346043e-08],[0.006409498]
HY202103,D08,LION1,DCM_LMZO,"MZMOTE_LULAB_380_500, DCM_LMZO_ALIGN","Sun May 26 14:42:14 2019, Sun May 26 14:43:18 2019","Lumped MZ modulator test structure (i.e. modulator + input and output grating couplers), Reference or alignment waveguide",magdzi83,2,2,[0],No Error,"[1304.9, 1304.9]",[0.9992171482574878],[-5.6],[0.9935579499721084],[-3.94475e-08],[0.006442896]
HY202103,D08,LION1,DCM_LMZO,"MZMOTE_LULAB_380_500, DCM_LMZO_ALIGN","Sun May 26 14:10:16 2019, Sun May 26 14:11:19 2019","Lumped MZ modulator test structure (i.e. modulator + input and output grating couplers), Reference or alignment waveguide",magdzi83,3,0,[0],No Error,"[1305.5, 1305.5]",[0.9989658157962185],[-5.9],[0.9936450540931544],[-5.300257e-08],[0.006356055]
HY202103,D08,LION1,DCM_LMZC,"MZMCTE_LULAB_450_500, DCM_LMZC_ALIGN","Fri Jul 12 12:00:04 2019, Fri Jul 12 12:00:41 2019","Lumped MZ modulator test structure (i.e. modulator + input and output grating couplers), Reference or alignment waveguide",magdzi83,-1,-1,[1],Ref. spec. Error,"[1555.1, 1555.1]",[0.9965340758797052],[-8.4],[0.9946455419832712],[-1.080882e-12],[0.005356431]
HY202103,D08,LION1,DCM_LMZC,"MZMCTE_LULAB_450_500, DCM_LMZC_ALIGN","Fri Jul 12 12:01:36 2019, Fri Jul 12 12:02:23 2019","Lumped MZ modulator test structure (i.e. modulator + input and output grating couplers), Reference or alignment waveguide",magdzi83,-1,-3,[1],Ref. spec. Error,"[1550.8, 1550.8]",[0.9967703350059665],[-9.2],[0.9950098234740905],[-4.894235e-10],[0.004992432]
HY202103,D08,LION1,DCM_LMZC,"MZMCTE_LULAB_450_500, DCM_LMZC_ALIGN","Fri Jul 12 12:18:58 2019, Fri Jul 12 12:19:36 2019","Lumped MZ modulator test structure (i.e. modulator + input and output grating couplers), Reference or alignment waveguide",magdzi83,-1,3,[1],Ref. spec. Error,"[1553.5, 1553.5]",[0.9965830872398641],[-9.9],[0.9947138742077214],[-2.689357e-10],[0.005288172]
HY202103,D08,LION1,DCM_LMZC,"MZMCTE_LULAB_450_500, DCM_LMZC_ALIGN","Fri Jul 12 12:10:19 2019, Fri Jul 12 12:11:07 2019","Lumped MZ modulator test structure (i.e. modulator + input and output grating couplers), Reference or alignment waveguide",magdzi83,-3,-3,[1],Ref. spec. Error,"[1555.6, 1555.6]",[0.9952367601438146],[-8.7],[0.9951956155094867],[-5.6015e-10],[0.004806489]
HY202103,D08,LION1,DCM_LMZC,"MZMCTE_LULAB_450_500, DCM_LMZC_ALIGN","Fri Jul 12 12:06:48 2019, Fri Jul 12 12:07:25 2019","Lumped MZ modulator test structure (i.e. modulator + input and output grating couplers), Reference or alignment waveguide",magdzi83,-3,0,[1],Ref. spec. Error,"[1548.0, 1548.0]",[0.9967453918292941],[-9.1],[0.9947639005365274],[-2.785752e-10],[0.005238293]
HY202103,D08,LION1,DCM_LMZC,"MZMCTE_LULAB_450_500, DCM_LMZC_ALIGN","Fri Jul 12 12:20:31 2019, Fri Jul 12 12:21:08 2019","Lumped MZ modulator test structure (i.e. modulator + input and output grating couplers), Reference or alignment waveguide",magdzi83,-3,2,[1],Ref. spec. Error,"[1558.7, 1558.7]",[0.9959696974117476],[-9.9],[0.994660992777475],[-1.991348e-09],[0.00534096]
HY202103,D08,LION1,DCM_LMZC,"MZMCTE_LULAB_450_500, DCM_LMZC_ALIGN","Fri Jul 12 12:08:19 2019, Fri Jul 12 12:08:56 2019","Lumped MZ modulator test structure (i.e. modulator + input and output grating couplers), Reference or alignment waveguide",magdzi83,-4,-1,[1],Ref. spec. Error,"[1552.9, 1552.9]",[0.9949078481918969],[-9.0],[0.9949450566272011],[-2.718284e-09],[0.005056953]
HY202103,D08,LION1,DCM_LMZC,"MZMCTE_LULAB_450_500, DCM_LMZC_ALIGN","Fri Jul 12 12:12:02 2019, Fri Jul 12 12:12:40 2019","Lumped MZ modulator test structure (i.e. modulator + input and output grating couplers), Reference or alignment waveguide",magdzi83,0,-4,[1],Ref. spec. Error,"[1557.2, 1557.2]",[0.9955333372762666],[-10.2],[0.9950307899060203],[-2.07831e-09],[0.004971176]
HY202103,D08,LION1,DCM_LMZC,"MZMCTE_LULAB_450_500, DCM_LMZC_ALIGN","Fri Jul 12 11:58:33 2019, Fri Jul 12 11:59:10 2019","Lumped MZ modulator test structure (i.e. modulator + input and output grating couplers), Reference or alignment waveguide",magdzi83,0,0,[0],No Error,"[1555.0, 1555.0]",[0.9975699706209751],[-9.2],[0.9945467005119539],[-5.754345e-12],[0.005455126]
HY202103,D08,LION1,DCM_LMZC,"MZMCTE_LULAB_450_500, DCM_LMZC_ALIGN","Fri Jul 12 12:05:01 2019, Fri Jul 12 12:05:48 2019","Lumped MZ modulator test structure (i.e. modulator + input and output grating couplers), Reference or alignment waveguide",magdzi83,0,2,[1],Ref. spec. Error,"[1556.3, 1556.3]",[0.9959497188520161],[-8.3],[0.9947193316872375],[-7.961963e-11],[0.005282801]
HY202103,D08,LION1,DCM_LMZC,"MZMCTE_LULAB_450_500, DCM_LMZC_ALIGN","Fri Jul 12 12:03:18 2019, Fri Jul 12 12:04:05 2019","Lumped MZ modulator test structure (i.e. modulator + input and output grating couplers), Reference or alignment waveguide",magdzi83,2,-1,[0],No Error,"[1552.9, 1552.9]",[0.9971852644762624],[-9.1],[0.9951182068561042],[-4.573714e-11],[0.00488411]
HY202103,D08,LION1,DCM_LMZC,"MZMCTE_LULAB_450_500, DCM_LMZC_ALIGN","Fri Jul 12 12:13:52 2019, Fri Jul 12 12:14:38 2019","Lumped MZ modulator test structure (i.e. modulator + input and output grating couplers), Reference or alignment waveguide",magdzi83,2,-3,[0],No Error,"[1550.3, 1550.3]",[0.997231076778854],[-10.5],[0.9950017964955118],[-1.951419e-09],[0.00500029]
HY202103,D08,LION1,DCM_LMZC,"MZMCTE_LULAB_450_500, DCM_LMZC_ALIGN","Fri Jul 12 12:17:16 2019, Fri Jul 12 12:18:03 2019","Lumped MZ modulator test structure (i.e. modulator + input and output grating couplers), Reference or alignment waveguide",magdzi83,2,2,[0],No Error,"[1557.6, 1557.6]",[0.9972863067209384],[-9.5],[0.9948194015041988],[-3.995418e-10],[0.005182757]
HY202103,D08,LION1,DCM_LMZC,"MZMCTE_LULAB_450_500, DCM_LMZC_ALIGN","Fri Jul 12 12:15:33 2019, Fri Jul 12 12:16:22 2019","Lumped MZ modulator test structure (i.e. modulator + input and output grating couplers), Reference or alignment waveguide",magdzi83,3,0,[0],No Error,"[1554.6, 1554.6]",[0.9970643393393861],[-9.7],[0.9949544904381672],[-8.534919e-10],[0.005047702]
HY202103,D23,LION1,DCM_LMZO,"MZMOTE_LULAB_380_500, DCM_LMZO_ALIGN","Fri May 31 08:18:42 2019, Fri May 31 08:19:45 2019","Lumped MZ modulator test structure (i.e. modulator + input and output grating couplers), Reference or alignment waveguide",magdzi83,-1,-1,[0],No Error,"[1299.6, 1299.6]",[0.998081457321575],[-5.5],[0.9999999999180375],[-1.208074e-10],[1.34298e-10]
HY202103,D23,LION1,DCM_LMZO,"MZMOTE_LULAB_380_500, DCM_LMZO_ALIGN","Fri May 31 08:52:36 2019, Fri May 31 08:53:40 2019","Lumped MZ modulator test structure (i.e. modulator + input and output grating couplers), Reference or alignment waveguide",magdzi83,-1,-3,[0],No Error,"[1293.6, 1293.6]",[0.9991887294330957],[-5.5],[0.9999999999270968],[-1.187963e-10],[1.255417e-10]
HY202103,D23,LION1,DCM_LMZO,"MZMOTE_LULAB_380_500, DCM_LMZO_ALIGN","Fri May 31 14:30:54 2019, Fri May 31 14:31:57 2019","Lumped MZ modulator test structure (i.e. modulator + input and output grating couplers), Reference or alignment waveguide",magdzi83,-1,3,[0],No Error,"[1300.3, 1300.3]",[0.9989002381033905],[-6.1],[0.9999999999170384],[-1.212264e-10],[1.348007e-10]
HY202103,D23,LION1,DCM_LMZO,"MZMOTE_LULAB_380_500, DCM_LMZO_ALIGN","Fri May 31 11:41:41 2019, Fri May 31 11:42:44 2019","Lumped MZ modulator test structure (i.e. modulator + input and output grating couplers), Reference or alignment waveguide",magdzi83,-3,-3,[0],No Error,"[1293.2, 1293.2]",[0.9988192367397549],[-6.2],[0.9999999999264195],[-1.176231e-10],[1.280554e-10]
HY202103,D23,LION1,DCM_LMZO,"MZMOTE_LULAB_380_500, DCM_LMZO_ALIGN","Fri May 31 10:34:03 2019, Fri May 31 10:35:06 2019","Lumped MZ modulator test structure (i.e. modulator + input and output grating couplers), Reference or alignment waveguide",magdzi83,-3,0,[0],No Error,"[1298.7, 1298.7]",[0.9993618362260914],[-5.3],[0.9999999999241994],[-1.207655e-10],[1.306949e-10]
HY202103,D23,LION1,DCM_LMZO,"MZMOTE_LULAB_380_500, DCM_LMZO_ALIGN","Fri May 31 15:04:41 2019, Fri May 31 15:05:44 2019","Lumped MZ modulator test structure (i.e. modulator + input and output grating couplers), Reference or alignment waveguide",magdzi83,-3,2,[0],No Error,"[1305.7, 1305.7]",[0.9992179450213141],[-6.3],[0.9999999999244822],[-1.206398e-10],[1.288096e-10]
HY202103,D23,LION1,DCM_LMZO,"MZMOTE_LULAB_380_500, DCM_LMZO_ALIGN","Fri May 31 11:07:51 2019, Fri May 31 11:08:54 2019","Lumped MZ modulator test structure (i.e. modulator + input and output grating couplers), Reference or alignment waveguide",magdzi83,-4,-1,[0],No Error,"[1294.8, 1294.8]",[0.9986285297382762],[-6.6],[0.9999999999249033],[-1.177069e-10],[1.276365e-10]
HY202103,D23,LION1,DCM_LMZO,"MZMOTE_LULAB_380_500, DCM_LMZO_ALIGN","Fri May 31 12:15:31 2019, Fri May 31 12:16:34 2019","Lumped MZ modulator test structure (i.e. modulator + input and output grating couplers), Reference or alignment waveguide",magdzi83,0,-4,[0],No Error,"[1298.7, 1298.7]",[0.9991418184786629],[-6.1],[0.9999999999253102],[-1.202628e-10],[1.28223e-10]
HY202103,D23,LION1,DCM_LMZO,"MZMOTE_LULAB_380_500, DCM_LMZO_ALIGN","Fri May 31 07:44:48 2019, Fri May 31 07:45:52 2019","Lumped MZ modulator test structure (i.e. modulator + input and output grating couplers), Reference or alignment waveguide",magdzi83,0,0,[0],No Error,"[1300.2, 1300.2]",[0.9977365761799402],[-5.9],[0.9999999999256025],[-1.195505e-10],[1.27008e-10]
HY202103,D23,LION1,DCM_LMZO,"MZMOTE_LULAB_380_500, DCM_LMZO_ALIGN","Fri May 31 10:00:15 2019, Fri May 31 10:01:19 2019","Lumped MZ modulator test structure (i.e. modulator + input and output grating couplers), Reference or alignment waveguide",magdzi83,0,2,[0],No Error,"[1298.9, 1298.9]",[0.998755789865003],[-5.2],[0.9999999999188367],[-1.202209e-10],[1.329992e-10]
HY202103,D23,LION1,DCM_LMZO,"MZMOTE_LULAB_380_500, DCM_LMZO_ALIGN","Fri May 31 09:26:27 2019, Fri May 31 09:27:31 2019","Lumped MZ modulator test structure (i.e. modulator + input and output grating couplers), Reference or alignment waveguide",magdzi83,2,-1,[0],No Error,"[1300.2, 1300.2]",[0.998106557594499],[-5.5],[0.9999999999181542],[-1.171204e-10],[1.316585e-10]
HY202103,D23,LION1,DCM_LMZO,"MZMOTE_LULAB_380_500, DCM_LMZO_ALIGN","Fri May 31 12:49:24 2019, Fri May 31 12:50:27 2019","Lumped MZ modulator test structure (i.e. modulator + input and output grating couplers), Reference or alignment waveguide",magdzi83,2,-3,[0],No Error,"[1304.4, 1304.4]",[0.9982181401543592],[-6.6],[0.9999999999188397],[-1.208074e-10],[1.336695e-10]
HY202103,D23,LION1,DCM_LMZO,"MZMOTE_LULAB_380_500, DCM_LMZO_ALIGN","Fri May 31 13:57:01 2019, Fri May 31 13:58:04 2019","Lumped MZ modulator test structure (i.e. modulator + input and output grating couplers), Reference or alignment waveguide",magdzi83,2,2,[0],No Error,"[1306.3, 1306.3]",[0.9985473610806621],[-5.6],[0.9999999999177723],[-1.203885e-10],[1.311139e-10]
HY202103,D23,LION1,DCM_LMZO,"MZMOTE_LULAB_380_500, DCM_LMZO_ALIGN","Fri May 31 13:23:14 2019, Fri May 31 13:24:17 2019","Lumped MZ modulator test structure (i.e. modulator + input and output grating couplers), Reference or alignment waveguide",magdzi83,3,0,[0],No Error,"[1305.7, 1305.7]",[0.998273879101813],[-6.2],[0.9999999999251751],[-1.167433e-10],[1.296475e-10]
HY202103,D23,LION1,DCM_LMZO,"MZMOTE_LULAB_380_500, DCM_LMZO_ALIGN","Mon Jun 03 20:58:38 2019, Mon Jun 03 20:59:41 2019","Lumped MZ modulator test structure (i.e. modulator + input and output grating couplers), Reference or alignment waveguide",magdzi83,-1,-1,[0],No Error,"[1299.6, 1299.6]",[0.9986255056994239],[-5.4],[0.9951557651712738],[-2.139364e-07],[0.004848104]
HY202103,D23,LION1,DCM_LMZO,"MZMOTE_LULAB_380_500, DCM_LMZO_ALIGN","Mon Jun 03 21:07:05 2019, Mon Jun 03 21:08:08 2019","Lumped MZ modulator test structure (i.e. modulator + input and output grating couplers), Reference or alignment waveguide",magdzi83,-1,-3,[0],No Error,"[1302.4, 1302.4]",[0.9991123113896673],[-5.6],[0.9957286705800119],[-2.206549e-07],[0.004275683]
HY202103,D23,LION1,DCM_LMZO,"MZMOTE_LULAB_380_500, DCM_LMZO_ALIGN","Mon Jun 03 22:31:41 2019, Mon Jun 03 22:32:44 2019","Lumped MZ modulator test structure (i.e. modulator + input and output grating couplers), Reference or alignment waveguide",magdzi83,-1,3,[0],No Error,"[1300.3, 1300.3]",[0.999058158314108],[-6.1],[0.9955878916244564],[-1.337233e-07],[0.004415526]
HY202103,D23,LION1,DCM_LMZO,"MZMOTE_LULAB_380_500, DCM_LMZO_ALIGN","Mon Jun 03 21:49:20 2019, Mon Jun 03 21:50:23 2019","Lumped MZ modulator test structure (i.e. modulator + input and output grating couplers), Reference or alignment waveguide",magdzi83,-3,-3,[0],No Error,"[1292.7, 1292.7]",[0.9987249031087824],[-6.4],[0.9954216895996689],[-1.893912e-07],[0.00458204]
HY202103,D23,LION1,DCM_LMZO,"MZMOTE_LULAB_380_500, DCM_LMZO_ALIGN","Mon Jun 03 21:32:27 2019, Mon Jun 03 21:33:30 2019","Lumped MZ modulator test structure (i.e. modulator + input and output grating couplers), Reference or alignment waveguide",magdzi83,-3,0,[0],No Error,"[1298.7, 1298.7]",[0.999405958237795],[-5.4],[0.995557096842398],[-1.735403e-07],[0.004446676]
HY202103,D23,LION1,DCM_LMZO,"MZMOTE_LULAB_380_500, DCM_LMZO_ALIGN","Mon Jun 03 22:40:08 2019, Mon Jun 03 22:41:11 2019","Lumped MZ modulator test structure (i.e. modulator + input and output grating couplers), Reference or alignment waveguide",magdzi83,-3,2,[0],No Error,"[1305.8, 1305.8]",[0.9992141369881588],[-6.2],[0.9965453518063417],[-1.435766e-07],[0.003458655]
HY202103,D23,LION1,DCM_LMZO,"MZMOTE_LULAB_380_500, DCM_LMZO_ALIGN","Mon Jun 03 21:40:54 2019, Mon Jun 03 21:41:58 2019","Lumped MZ modulator test structure (i.e. modulator + input and output grating couplers), Reference or alignment waveguide",magdzi83,-4,-1,[0],No Error,"[1294.7, 1294.7]",[0.9985992039790242],[-6.7],[0.995306061505831],[-1.996838e-07],[0.004697751]
HY202103,D23,LION1,DCM_LMZO,"MZMOTE_LULAB_380_500, DCM_LMZO_ALIGN","Mon Jun 03 21:57:49 2019, Mon Jun 03 21:58:52 2019","Lumped MZ modulator test structure (i.e. modulator + input and output grating couplers), Reference or alignment waveguide",magdzi83,0,-4,[0],No Error,"[1298.2, 1298.2]",[0.9990385805933151],[-6.2],[0.9955370677299199],[-1.758982e-07],[0.00446655]
HY202103,D23,LION1,DCM_LMZO,"MZMOTE_LULAB_380_500, DCM_LMZO_ALIGN","Mon Jun 03 20:50:10 2019, Mon Jun 03 20:51:13 2019","Lumped MZ modulator test structure (i.e. modulator + input and output grating couplers), Reference or alignment waveguide",magdzi83,0,0,[0],No Error,"[1300.2, 1300.2]",[0.9975909020921426],[-5.8],[0.995619474857406],[-2.389178e-07],[0.00438493]
HY202103,D23,LION1,DCM_LMZO,"MZMOTE_LULAB_380_500, DCM_LMZO_ALIGN","Mon Jun 03 21:24:01 2019, Mon Jun 03 21:25:05 2019","Lumped MZ modulator test structure (i.e. modulator + input and output grating couplers), Reference or alignment waveguide",magdzi83,0,2,[0],No Error,"[1298.9, 1298.9]",[0.998936329228086],[-5.2],[0.9962035500601101],[-1.709376e-07],[0.003800664]
HY202103,D23,LION1,DCM_LMZO,"MZMOTE_LULAB_380_500, DCM_LMZO_ALIGN","Mon Jun 03 21:15:33 2019, Mon Jun 03 21:16:37 2019","Lumped MZ modulator test structure (i.e. modulator + input and output grating couplers), Reference or alignment waveguide",magdzi83,2,-1,[0],No Error,"[1300.2, 1300.2]",[0.9979840032233865],[-5.5],[0.9953052448654994],[-1.885348e-07],[0.004698496]
HY202103,D23,LION1,DCM_LMZO,"MZMOTE_LULAB_380_500, DCM_LMZO_ALIGN","Mon Jun 03 22:06:18 2019, Mon Jun 03 22:07:21 2019","Lumped MZ modulator test structure (i.e. modulator + input and output grating couplers), Reference or alignment waveguide",magdzi83,2,-3,[0],No Error,"[1304.4, 1304.4]",[0.9981688798856354],[-6.6],[0.9951170111081638],[-1.556117e-07],[0.004886194]
HY202103,D23,LION1,DCM_LMZO,"MZMOTE_LULAB_380_500, DCM_LMZO_ALIGN","Mon Jun 03 22:23:11 2019, Mon Jun 03 22:24:14 2019","Lumped MZ modulator test structure (i.e. modulator + input and output grating couplers), Reference or alignment waveguide",magdzi83,2,2,[0],No Error,"[1306.3, 1306.3]",[0.9984356881288199],[-5.6],[0.9953700848515077],[-1.302277e-07],[0.004633154]
HY202103,D23,LION1,DCM_LMZO,"MZMOTE_LULAB_380_500, DCM_LMZO_ALIGN","Mon Jun 03 22:14:43 2019, Mon Jun 03 22:15:46 2019","Lumped MZ modulator test structure (i.e. modulator + input and output grating couplers), Reference or alignment waveguide",magdzi83,3,0,[0],No Error,"[1305.6, 1305.6]",[0.998263286948002],[-6.2],[0.9957081929843148],[-1.358143e-07],[0.004295274]
HY202103,D24,LION1,DCM_LMZO,"MZMOTE_LULAB_380_500, DCM_LMZO_ALIGN","Fri May 31 16:16:07 2019, Fri May 31 16:17:10 2019","Lumped MZ modulator test structure (i.e. modulator + input and output grating couplers), Reference or alignment waveguide",magdzi83,-1,-1,[0],No Error,"[1297.6, 1297.6]",[0.998851945033648],[-5.4],[0.9999999999248236],[-1.17707e-10],[1.333762e-10]
HY202103,D24,LION1,DCM_LMZO,"MZMOTE_LULAB_380_500, DCM_LMZO_ALIGN","Fri May 31 16:49:52 2019, Fri May 31 16:50:55 2019","Lumped MZ modulator test structure (i.e. modulator + input and output grating couplers), Reference or alignment waveguide",magdzi83,-1,-3,[0],No Error,"[1293.3, 1293.3]",[0.999159633259182],[-5.7],[0.9999999999244163],[-1.184192e-10],[1.283487e-10]
HY202103,D24,LION1,DCM_LMZO,"MZMOTE_LULAB_380_500, DCM_LMZO_ALIGN","Fri May 31 22:28:08 2019, Fri May 31 22:29:13 2019","Lumped MZ modulator test structure (i.e. modulator + input and output grating couplers), Reference or alignment waveguide",magdzi83,-1,3,[0],No Error,"[1301.0, 1301.0]",[0.9989181430317752],[-6.4],[0.9999999999256591],[-1.196762e-10],[1.271337e-10]
HY202103,D24,LION1,DCM_LMZO,"MZMOTE_LULAB_380_500, DCM_LMZO_ALIGN","Fri May 31 19:38:57 2019, Fri May 31 19:40:01 2019","Lumped MZ modulator test structure (i.e. modulator + input and output grating couplers), Reference or alignment waveguide",magdzi83,-3,-3,[0],No Error,"[1291.9, 1291.9]",[0.9987802350975962],[-6.7],[0.9999999999251925],[-1.205979e-10],[1.252065e-10]
HY202103,D24,LION1,DCM_LMZO,"MZMOTE_LULAB_380_500, DCM_LMZO_ALIGN","Fri May 31 18:31:25 2019, Fri May 31 18:32:27 2019","Lumped MZ modulator test structure (i.e. modulator + input and output grating couplers), Reference or alignment waveguide",magdzi83,-3,0,[0],No Error,"[1298.8, 1298.8]",[0.9991914726996627],[-5.4],[0.999999999925288],[-1.227765e-10],[1.257093e-10]
HY202103,D24,LION1,DCM_LMZO,"MZMOTE_LULAB_380_500, DCM_LMZO_ALIGN","Fri May 31 23:01:58 2019, Fri May 31 23:03:01 2019","Lumped MZ modulator test structure (i.e. modulator + input and output grating couplers), Reference or alignment waveguide",magdzi83,-3,2,[0],No Error,"[1295.5, 1295.5]",[0.9992489042646264],[-6.6],[0.9999999999227083],[-1.130561e-10],[1.353872e-10]
HY202103,D24,LION1,DCM_LMZO,"MZMOTE_LULAB_380_500, DCM_LMZO_ALIGN","Fri May 31 19:05:12 2019, Fri May 31 19:06:14 2019","Lumped MZ modulator test structure (i.e. modulator + input and output grating couplers), Reference or alignment waveguide",magdzi83,-4,-1,[0],No Error,"[1294.8, 1294.8]",[0.9985840596873695],[-7.0],[0.9999999999275473],[-1.203047e-10],[1.222319e-10]
HY202103,D24,LION1,DCM_LMZO,"MZMOTE_LULAB_380_500, DCM_LMZO_ALIGN","Fri May 31 20:12:54 2019, Fri May 31 20:13:57 2019","Lumped MZ modulator test structure (i.e. modulator + input and output grating couplers), Reference or alignment waveguide",magdzi83,0,-4,[0],No Error,"[1297.5, 1297.5]",[0.9992040396803085],[-6.1],[0.9999999999191201],[-1.223995e-10],[1.327059e-10]
HY202103,D24,LION1,DCM_LMZO,"MZMOTE_LULAB_380_500, DCM_LMZO_ALIGN","Fri May 31 15:42:19 2019, Fri May 31 15:43:22 2019","Lumped MZ modulator test structure (i.e. modulator + input and output grating couplers), Reference or alignment waveguide",magdzi83,0,0,[0],No Error,"[1298.9, 1298.9]",[0.9983466006056764],[-5.6],[0.9999999999170591],[-1.200114e-10],[1.300665e-10]
HY202103,D24,LION1,DCM_LMZO,"MZMOTE_LULAB_380_500, DCM_LMZO_ALIGN","Fri May 31 17:57:34 2019, Fri May 31 17:58:36 2019","Lumped MZ modulator test structure (i.e. modulator + input and output grating couplers), Reference or alignment waveguide",magdzi83,0,2,[0],No Error,"[1296.1, 1296.1]",[0.9989030104683979],[-5.6],[0.9999999999238164],[-1.209331e-10],[1.291028e-10]
HY202103,D24,LION1,DCM_LMZO,"MZMOTE_LULAB_380_500, DCM_LMZO_ALIGN","Fri May 31 17:23:43 2019, Fri May 31 17:24:47 2019","Lumped MZ modulator test structure (i.e. modulator + input and output grating couplers), Reference or alignment waveguide",magdzi83,2,-1,[0],No Error,"[1299.5, 1299.5]",[0.9982160687972711],[-5.6],[0.9999999999252441],[-1.228184e-10],[1.283068e-10]
HY202103,D24,LION1,DCM_LMZO,"MZMOTE_LULAB_380_500, DCM_LMZO_ALIGN","Fri May 31 20:46:39 2019, Fri May 31 20:47:42 2019","Lumped MZ modulator test structure (i.e. modulator + input and output grating couplers), Reference or alignment waveguide",magdzi83,2,-3,[0],No Error,"[1302.9, 1302.9]",[0.99894872663732],[-6.0],[0.9999999999257597],[-1.191315e-10],[1.277203e-10]
HY202103,D24,LION1,DCM_LMZO,"MZMOTE_LULAB_380_500, DCM_LMZO_ALIGN","Fri May 31 21:54:19 2019, Fri May 31 21:55:21 2019","Lumped MZ modulator test structure (i.e. modulator + input and output grating couplers), Reference or alignment waveguide",magdzi83,2,2,[0],No Error,"[1303.6, 1303.6]",[0.9988698388085441],[-5.5],[0.9999999999251358],[-1.204304e-10],[1.300245e-10]
HY202103,D24,LION1,DCM_LMZO,"MZMOTE_LULAB_380_500, DCM_LMZO_ALIGN","Fri May 31 21:20:29 2019, Fri May 31 21:21:32 2019","Lumped MZ modulator test structure (i.e. modulator + input and output grating couplers), Reference or alignment waveguide",magdzi83,3,0,[0],No Error,"[1302.9, 1302.9]",[0.9986443167857538],[-5.9],[0.9999999999185966],[-1.218548e-10],[1.334181e-10]
HY202103,D24,LION1,DCM_LMZO,"MZMOTE_LULAB_380_500, DCM_LMZO_ALIGN","Mon Jun 03 23:00:49 2019, Mon Jun 03 23:01:52 2019","Lumped MZ modulator test structure (i.e. modulator + input and output grating couplers), Reference or alignment waveguide",magdzi83,-1,-1,[0],No Error,"[1297.5, 1297.5]",[0.9984660625652854],[-5.5],[0.9957836625485887],[-3.047158e-07],[0.004221569]
HY202103,D24,LION1,DCM_LMZO,"MZMOTE_LULAB_380_500, DCM_LMZO_ALIGN","Mon Jun 03 23:09:16 2019, Mon Jun 03 23:10:19 2019","Lumped MZ modulator test structure (i.e. modulator + input and output grating couplers), Reference or alignment waveguide",magdzi83,-1,-3,[0],No Error,"[1293.3, 1293.3]",[0.9993192334250443],[-5.5],[0.997061128028767],[-2.998289e-07],[0.002944735]
HY202103,D24,LION1,DCM_LMZO,"MZMOTE_LULAB_380_500, DCM_LMZO_ALIGN","Tue Jun 04 00:33:52 2019, Tue Jun 04 00:34:55 2019","Lumped MZ modulator test structure (i.e. modulator + input and output grating couplers), Reference or alignment waveguide",magdzi83,-1,3,[0],No Error,"[1301.0, 1301.0]",[0.9990406411065621],[-6.5],[0.995492481178552],[-2.330585e-07],[0.004511872]
HY202103,D24,LION1,DCM_LMZO,"MZMOTE_LULAB_380_500, DCM_LMZO_ALIGN","Mon Jun 03 23:51:33 2019, Mon Jun 03 23:52:36 2019","Lumped MZ modulator test structure (i.e. modulator + input and output grating couplers), Reference or alignment waveguide",magdzi83,-3,-3,[0],No Error,"[1292.0, 1292.0]",[0.9987696149299934],[-6.6],[0.998083123699765],[-2.549133e-07],[0.00192262]
HY202103,D24,LION1,DCM_LMZO,"MZMOTE_LULAB_380_500, DCM_LMZO_ALIGN","Mon Jun 03 23:34:39 2019, Mon Jun 03 23:35:43 2019","Lumped MZ modulator test structure (i.e. modulator + input and output grating couplers), Reference or alignment waveguide",magdzi83,-3,0,[0],No Error,"[1298.8, 1298.8]",[0.9990775854826334],[-5.3],[0.9965116350795638],[-2.656578e-07],[0.003493654]
HY202103,D24,LION1,DCM_LMZO,"MZMOTE_LULAB_380_500, DCM_LMZO_ALIGN","Tue Jun 04 00:42:19 2019, Tue Jun 04 00:43:22 2019","Lumped MZ modulator test structure (i.e. modulator + input and output grating couplers), Reference or alignment waveguide",magdzi83,-3,2,[0],No Error,"[1295.5, 1295.5]",[0.999126849912242],[-6.5],[0.9956686784704016],[-2.258531e-07],[0.004335667]
HY202103,D24,LION1,DCM_LMZO,"MZMOTE_LULAB_380_500, DCM_LMZO_ALIGN","Mon Jun 03 23:43:07 2019, Mon Jun 03 23:44:10 2019","Lumped MZ modulator test structure (i.e. modulator + input and output grating couplers), Reference or alignment waveguide",magdzi83,-4,-1,[0],No Error,"[1294.8, 1294.8]",[0.9988188553006057],[-6.8],[0.9977311756590233],[-2.633351e-07],[0.00227457]
HY202103,D24,LION1,DCM_LMZO,"MZMOTE_LULAB_380_500, DCM_LMZO_ALIGN","Tue Jun 04 00:00:00 2019, Tue Jun 04 00:01:03 2019","Lumped MZ modulator test structure (i.e. modulator + input and output grating couplers), Reference or alignment waveguide",magdzi83,0,-4,[0],No Error,"[1297.4, 1297.4]",[0.9992198626776753],[-6.0],[0.9978604343116555],[-2.544434e-07],[0.002145134]
HY202103,D24,LION1,DCM_LMZO,"MZMOTE_LULAB_380_500, DCM_LMZO_ALIGN","Mon Jun 03 22:52:23 2019, Mon Jun 03 22:53:26 2019","Lumped MZ modulator test structure (i.e. modulator + input and output grating couplers), Reference or alignment waveguide",magdzi83,0,0,[0],No Error,"[1298.8, 1298.8]",[0.99829428980361],[-5.6],[0.9948174559549785],[-3.055918e-07],[0.005187034]
HY202103,D24,LION1,DCM_LMZO,"MZMOTE_LULAB_380_500, DCM_LMZO_ALIGN","Mon Jun 03 23:26:10 2019, Mon Jun 03 23:27:13 2019","Lumped MZ modulator test structure (i.e. modulator + input and output grating couplers), Reference or alignment waveguide",magdzi83,0,2,[0],No Error,"[1296.1, 1296.1]",[0.9989324945648942],[-5.6],[0.9963828893001898],[-2.787125e-07],[0.003622514]
HY202103,D24,LION1,DCM_LMZO,"MZMOTE_LULAB_380_500, DCM_LMZO_ALIGN","Mon Jun 03 23:17:44 2019, Mon Jun 03 23:18:47 2019","Lumped MZ modulator test structure (i.e. modulator + input and output grating couplers), Reference or alignment waveguide",magdzi83,2,-1,[0],No Error,"[1298.9, 1298.9]",[0.9983713004924903],[-5.5],[0.995748205351004],[-2.901249e-07],[0.004256894]
HY202103,D24,LION1,DCM_LMZO,"MZMOTE_LULAB_380_500, DCM_LMZO_ALIGN","Tue Jun 04 00:08:26 2019, Tue Jun 04 00:09:30 2019","Lumped MZ modulator test structure (i.e. modulator + input and output grating couplers), Reference or alignment waveguide",magdzi83,2,-3,[0],No Error,"[1302.9, 1302.9]",[0.998760724625052],[-6.0],[0.9953698934481735],[-2.511984e-07],[0.004634428]
HY202103,D24,LION1,DCM_LMZO,"MZMOTE_LULAB_380_500, DCM_LMZO_ALIGN","Tue Jun 04 00:25:25 2019, Tue Jun 04 00:26:28 2019","Lumped MZ modulator test structure (i.e. modulator + input and output grating couplers), Reference or alignment waveguide",magdzi83,2,2,[0],No Error,"[1303.6, 1303.6]",[0.9980039267221822],[-5.8],[0.9956178473948152],[-2.305046e-07],[0.004386544]
HY202103,D24,LION1,DCM_LMZO,"MZMOTE_LULAB_380_500, DCM_LMZO_ALIGN","Tue Jun 04 00:16:57 2019, Tue Jun 04 00:18:00 2019","Lumped MZ modulator test structure (i.e. modulator + input and output grating couplers), Reference or alignment waveguide",magdzi83,3,0,[0],No Error,"[1302.9, 1302.9]",[0.9985977662106833],[-5.8],[0.995803778867182],[-2.369815e-07],[0.004200758]
